{"toid":"85","truck":"0218LFH","originDate":1573974000000,"originLat":40.4562191,"originLong":-3.8707211,"dstDate":1573999427000,"dstLat":42.5519258,"dstLong":-8.9935558,"lastDate":0,"lastLat":0.0,"lastLong":0.0,"st":0}

{"toid":"59","truck":"0865FTJ","originDate":1568959200000,"originLat":40.4562191,"originLong":-3.8707211,"dstDate":1568962469000,"dstLat":40.9308098,"dstLong":-4.110524799999999,"lastDate":0,"lastLat":0.0,"lastLong":0.0,"st":0}

{"toid":"78","truck":"2915YYL","originDate":1578898800000,"originLat":40.4562191,"originLong":-3.8707211,"dstDate":1578903092000,"dstLat":40.6491754,"dstLong":-4.6736772,"lastDate":0,"lastLat":0.0,"lastLong":0.0,"st":0}